<package>
  <description brief="Wrapper for SPARTAN in ROCK">
  
  </description>
  <author>Ioannis Asmanis/ioannis.asmanis@esa.int</author>
  <license></license>
  <url>http://</url>
  <logo>http://</logo>
  <depend package="base/cmake" />
  <!--
   To add any dependencies use the depend tag
  <depend package="dummy-dependency-0" />
	...
  <depend package="dummy-dependency-n-1" />
  <depend package="dummy-dependency-n" />
  -->
  <depend package="hwavo/spartan" />
  <depend package="base/types" />
</package>
